EmployeeID,DateKey,DepartmentKey,JobRoleKey,AgeGroupKey,SalaryBandKey,PerformanceKey,MonthlyIncome,YearsAtCompany,TrainingHours,Overtime,Attrition,JobSatisfaction,WorkLifeBalance
1,182,1,2,3,2,4,55907,9,23,No,Yes,4,3
2,106,1,2,4,3,3,96129,11,67,No,Yes,5,4
3,147,5,9,2,4,3,183382,7,17,No,No,3,4
4,182,3,6,1,4,4,184265,5,63,Yes,No,1,1
5,168,4,7,4,3,4,101512,7,37,No,Yes,1,2
6,359,5,10,2,2,1,59246,20,20,Yes,Yes,5,3
7,104,2,3,3,2,4,60795,3,50,No,No,5,3
8,44,4,7,4,3,1,95410,9,22,No,Yes,1,3
9,28,5,9,1,4,2,177467,10,80,Yes,Yes,5,2
10,180,1,2,4,3,3,104777,7,18,Yes,No,1,5
11,361,1,2,1,3,3,96485,2,70,Yes,No,5,4
12,142,2,4,1,4,1,176493,14,19,Yes,Yes,2,4
13,256,4,7,2,3,2,96213,19,39,Yes,Yes,5,5
14,14,3,6,2,2,1,58850,15,10,No,Yes,2,3
15,85,1,2,2,2,2,55354,12,74,Yes,No,4,4
16,112,4,7,1,3,1,104131,7,28,No,No,3,3
17,287,2,4,1,2,1,62968,16,35,Yes,Yes,4,4
18,82,3,5,3,4,3,182882,15,61,No,No,5,5
19,237,1,1,4,2,4,63789,4,16,No,Yes,2,4
20,286,3,6,4,3,2,96993,13,31,No,No,1,4
21,275,4,7,3,4,2,183331,13,63,No,No,3,4
22,4,3,5,1,1,4,32060,3,58,Yes,Yes,1,4
23,316,1,1,2,2,1,59575,19,65,Yes,Yes,5,1
24,89,3,6,4,2,3,55233,19,80,Yes,No,1,4
25,46,3,5,3,3,1,102742,20,22,No,No,2,3
26,107,2,4,1,4,2,181668,13,16,No,Yes,1,5
27,193,4,8,4,3,3,95843,17,42,Yes,No,1,2
28,239,5,10,3,3,3,101596,15,49,No,No,1,5
29,196,2,3,4,2,2,57054,3,69,No,No,4,2
30,272,4,7,4,3,3,102891,12,69,No,No,1,2
31,188,3,6,3,1,4,31642,18,35,Yes,No,5,5
32,230,1,2,4,3,1,104192,10,23,No,Yes,2,2
33,269,1,2,2,3,4,96960,6,27,No,Yes,5,5
34,157,1,2,1,3,1,97419,2,47,Yes,Yes,1,1
35,206,3,5,4,4,4,181535,9,49,Yes,No,2,1
36,39,1,2,4,4,1,183664,10,61,Yes,No,2,4
37,327,1,1,4,1,4,29453,4,25,No,No,3,2
38,84,1,1,2,3,2,99048,16,73,Yes,No,3,2
39,237,4,7,3,1,1,26200,3,68,No,No,2,2
40,131,5,10,1,2,2,62349,20,49,Yes,No,4,2
41,241,3,5,1,4,1,184889,20,46,Yes,No,4,5
42,309,1,1,3,1,4,27015,14,25,No,No,5,2
43,258,3,6,3,4,3,182698,2,30,No,No,1,5
44,284,4,8,2,2,4,56418,4,58,Yes,No,2,1
45,167,3,6,3,2,3,62184,6,78,No,No,5,5
46,7,5,9,2,1,1,29496,14,24,Yes,No,1,1
47,350,2,4,2,4,1,176543,4,33,Yes,No,4,2
48,218,2,4,4,2,2,60380,2,51,No,No,4,4
49,229,1,1,4,3,2,100999,19,34,Yes,No,3,1
50,98,3,5,2,3,4,97200,15,79,Yes,Yes,1,4
51,134,2,3,2,3,2,97389,10,51,No,Yes,3,2
52,20,5,10,2,1,4,25197,1,56,Yes,Yes,1,4
53,25,5,10,1,1,2,27583,17,42,Yes,No,1,2
54,56,3,6,1,2,4,59727,4,22,No,Yes,1,3
55,280,3,6,3,1,2,32455,14,38,No,Yes,3,3
56,69,1,1,1,3,4,95152,20,38,Yes,Yes,5,1
57,167,4,7,3,3,2,100386,15,39,No,No,4,2
58,87,1,1,3,3,2,97563,9,24,No,Yes,2,5
59,305,4,8,4,3,4,99538,12,12,Yes,No,3,4
60,183,5,9,2,3,1,99073,18,77,No,No,1,2
61,180,2,4,4,3,2,99417,3,15,No,Yes,1,5
62,98,1,1,2,2,3,62659,4,52,Yes,Yes,3,4
63,304,1,2,1,2,4,59846,6,35,No,No,4,4
64,257,2,3,2,2,1,55059,14,13,No,No,2,1
65,225,2,3,4,1,4,32808,15,14,No,No,1,1
66,329,4,7,2,3,3,96261,16,58,Yes,Yes,3,5
67,241,5,9,1,2,4,59294,13,26,No,No,2,5
68,112,3,5,1,3,1,98687,1,63,No,No,2,5
69,106,3,6,4,2,1,58118,11,75,Yes,No,2,2
70,354,2,3,3,1,2,27905,11,43,No,Yes,1,5
71,89,4,8,2,4,3,184047,6,35,Yes,No,5,1
72,180,1,1,2,2,1,59673,5,25,Yes,No,2,5
73,359,4,7,1,2,2,57434,18,69,No,Yes,4,3
74,93,4,8,3,1,3,30770,15,70,Yes,Yes,3,5
75,331,2,3,1,2,4,55423,1,47,No,Yes,4,5
76,221,1,2,3,1,4,27115,12,25,No,No,2,3
77,280,4,8,2,3,1,99455,10,22,Yes,Yes,3,3
78,21,1,2,3,4,1,176267,11,48,No,Yes,2,2
79,108,2,4,3,2,1,56590,11,19,No,Yes,1,1
80,214,4,7,2,3,3,103912,19,23,Yes,No,2,3
81,67,2,3,1,1,1,28364,8,31,No,No,4,1
82,236,2,4,3,1,3,25614,10,29,No,No,5,4
83,138,1,1,3,4,2,180117,1,22,Yes,Yes,3,4
84,355,1,2,1,3,4,104869,17,63,Yes,Yes,3,3
85,71,3,5,2,4,3,175053,8,40,Yes,Yes,2,3
86,99,4,7,4,1,2,29827,8,57,No,Yes,3,3
87,255,2,3,2,3,4,95991,8,17,Yes,No,5,1
88,303,1,2,3,4,2,176248,13,70,Yes,No,4,2
89,25,1,1,4,3,3,104759,14,59,Yes,Yes,4,4
90,204,1,2,4,3,2,104525,11,45,Yes,No,4,5
91,162,1,2,4,2,1,63760,11,50,No,No,3,1
92,363,1,2,4,3,1,96829,8,70,Yes,Yes,4,4
93,108,3,6,3,4,1,175915,5,15,No,Yes,2,4
94,294,1,1,2,1,4,32762,14,20,Yes,Yes,3,4
95,203,4,8,3,1,2,27516,18,18,No,No,4,2
96,97,3,5,3,3,2,101715,8,58,Yes,Yes,4,4
97,232,1,1,1,2,2,62716,3,57,No,No,2,2
98,39,3,6,1,2,2,62249,14,78,No,No,2,3
99,80,1,1,3,2,4,63043,19,69,No,Yes,1,1
100,98,5,9,2,1,4,32919,12,42,Yes,No,2,1
101,157,5,10,2,4,3,180582,1,14,Yes,No,4,4
102,63,1,1,4,4,1,181626,9,31,No,Yes,5,5
103,178,2,3,2,3,2,102403,10,49,Yes,Yes,3,4
104,310,2,3,3,1,2,25211,14,43,No,Yes,3,5
105,270,4,8,3,3,2,102114,4,49,Yes,Yes,5,5
106,30,5,10,2,3,4,102517,11,56,Yes,Yes,5,5
107,97,5,10,2,4,1,184712,1,57,Yes,No,2,5
108,339,3,6,2,1,2,33481,12,42,Yes,No,4,3
109,220,2,3,3,1,3,30351,19,23,Yes,No,1,4
110,60,5,9,1,3,2,98886,2,53,Yes,Yes,5,2
111,194,5,9,1,3,1,103962,16,29,No,Yes,3,3
112,46,3,6,1,3,3,96748,5,26,Yes,Yes,2,3
113,288,3,5,2,1,2,31807,18,58,Yes,No,4,4
114,160,3,6,2,4,3,180570,2,52,No,Yes,5,2
115,102,2,4,2,2,1,60737,19,40,Yes,No,5,3
116,151,5,10,2,1,2,29860,14,20,No,No,5,2
117,346,5,10,1,3,1,103294,20,37,Yes,No,2,3
118,32,5,10,4,2,4,64973,19,42,Yes,No,5,5
119,184,4,7,4,2,1,55256,9,66,No,No,1,1
120,157,3,6,4,2,3,60624,13,63,Yes,Yes,1,2
121,339,4,8,1,1,3,25702,17,41,No,No,2,2
122,348,5,9,4,4,1,180827,11,22,Yes,No,3,5
123,137,1,2,2,3,1,96070,17,50,No,Yes,2,1
124,220,3,6,3,2,2,56082,18,18,Yes,Yes,5,5
125,133,3,6,4,3,2,95123,15,66,No,No,3,2
126,32,2,3,2,4,4,177513,20,75,Yes,No,5,5
127,47,1,1,4,3,3,95051,15,66,No,No,2,4
128,173,2,4,4,4,1,180191,2,18,Yes,Yes,3,1
129,282,3,6,4,3,3,99690,14,70,No,Yes,2,4
130,253,5,10,4,1,3,33301,19,16,No,No,1,1
131,159,1,1,1,3,2,97396,11,30,Yes,Yes,3,4
132,76,3,5,1,1,1,25863,1,57,No,Yes,2,4
133,29,1,2,3,4,2,183569,12,49,No,Yes,4,4
134,68,1,2,1,3,1,96961,7,14,No,Yes,4,3
135,327,3,6,2,4,4,184017,4,74,No,Yes,4,5
136,43,1,2,1,1,1,27017,5,31,Yes,Yes,1,4
137,237,2,4,3,2,4,60449,15,31,Yes,No,1,1
138,361,5,9,1,4,1,179604,20,38,No,No,5,5
139,50,1,2,3,4,4,184320,8,59,No,No,1,3
140,99,1,2,2,3,3,102744,17,65,No,Yes,1,1
141,224,3,6,1,3,3,99808,3,65,No,No,5,2
142,144,1,2,4,4,4,182754,4,37,Yes,No,4,3
143,96,2,4,3,4,1,179740,7,33,No,No,4,3
144,213,5,10,1,3,1,101128,4,45,No,Yes,4,5
145,61,4,7,2,1,2,29892,18,41,No,Yes,1,4
146,213,2,3,3,1,1,27428,2,15,No,Yes,1,5
147,287,4,8,2,3,2,103128,8,33,No,No,3,2
148,115,2,4,2,2,2,60423,6,25,Yes,No,3,5
149,221,2,3,2,4,3,184353,19,79,Yes,No,3,2
150,232,3,6,2,2,1,58804,0,19,No,No,5,5
151,170,5,9,4,3,1,102367,6,68,No,No,2,2
152,5,4,7,3,1,2,28895,0,37,No,No,3,1
153,24,4,8,3,3,4,103892,14,67,Yes,Yes,1,5
154,94,5,10,3,4,2,184853,11,66,Yes,Yes,5,1
155,284,2,3,2,3,1,100632,11,37,No,No,3,2
156,166,5,10,3,1,4,34606,4,16,No,No,4,2
157,305,1,1,3,2,4,63819,12,10,No,Yes,3,4
158,49,1,2,3,1,4,31814,18,16,Yes,No,5,1
159,170,1,2,3,1,4,25056,12,68,Yes,Yes,2,5
160,59,5,9,3,3,1,101380,4,37,Yes,Yes,1,5
161,355,2,4,3,4,2,184138,20,47,No,No,4,5
162,316,1,2,4,1,2,27177,8,67,No,Yes,1,4
163,361,1,2,2,3,3,95062,15,71,Yes,Yes,1,5
164,186,3,6,4,2,1,61785,20,42,Yes,Yes,5,4
165,150,4,7,2,3,4,104716,0,39,No,No,3,3
166,229,3,6,2,4,4,178060,19,40,No,No,4,1
167,71,2,3,4,4,3,175037,18,76,No,Yes,4,1
168,48,4,8,1,4,3,177924,20,33,Yes,Yes,4,2
169,354,4,7,4,4,1,179814,1,62,Yes,Yes,4,1
170,20,2,4,2,2,4,56015,13,37,Yes,Yes,4,1
171,119,4,7,4,3,1,102156,0,75,No,Yes,3,3
172,229,4,8,1,4,1,183646,17,24,No,No,1,3
173,7,5,10,2,1,4,33897,11,45,No,Yes,3,4
174,316,2,4,4,2,2,57521,3,40,No,Yes,5,5
175,262,5,9,4,1,3,29494,5,65,Yes,No,3,3
176,16,2,3,2,3,1,97993,13,29,Yes,Yes,3,1
177,76,5,10,2,2,3,64485,18,45,Yes,Yes,1,2
178,187,5,10,4,2,1,60261,20,46,Yes,Yes,3,4
179,99,3,5,2,2,2,58736,10,10,No,Yes,2,3
180,17,5,10,3,4,1,182922,11,18,No,Yes,1,5
181,231,2,4,2,4,1,177472,15,49,Yes,Yes,2,3
182,300,4,8,3,1,2,31034,4,53,Yes,Yes,5,5
183,293,5,9,4,2,4,61604,13,58,No,No,3,1
184,96,1,1,3,3,2,101564,19,39,No,Yes,3,3
185,363,4,8,1,1,3,30379,17,13,Yes,No,3,3
186,255,2,4,2,4,2,184559,4,49,No,No,2,1
187,115,2,4,3,4,3,175568,12,51,Yes,Yes,1,4
188,5,4,8,4,1,2,34979,16,35,No,Yes,1,2
189,323,2,4,1,2,1,58932,18,50,Yes,Yes,3,5
190,335,1,2,2,2,2,58854,20,17,Yes,Yes,1,2
191,107,4,7,4,1,4,32785,10,11,Yes,Yes,1,1
192,24,1,1,1,2,3,64456,14,10,Yes,Yes,3,1
193,99,5,9,4,3,2,96215,12,60,No,Yes,4,2
194,57,5,9,4,2,4,59170,20,78,No,Yes,3,4
195,109,5,10,1,1,4,27461,12,25,Yes,Yes,4,5
196,94,2,3,3,3,3,103998,4,55,No,Yes,4,4
197,44,3,6,2,2,4,60439,0,43,Yes,Yes,1,1
198,9,1,1,3,4,1,179916,9,45,No,No,2,5
199,284,4,7,2,3,2,100910,1,33,Yes,Yes,5,3
200,291,2,4,3,3,4,103713,18,11,No,No,1,3
201,136,5,9,3,1,3,30115,1,19,Yes,Yes,4,1
202,327,2,4,3,2,4,63710,20,11,Yes,Yes,4,2
203,95,3,6,2,1,4,30180,18,58,Yes,No,3,4
204,23,1,2,1,4,2,177778,13,14,No,Yes,2,2
205,194,5,9,1,2,1,57866,4,70,Yes,No,3,3
206,138,4,8,1,1,4,34880,6,39,Yes,Yes,1,1
207,210,3,6,1,1,2,28296,10,10,Yes,No,4,2
208,167,2,3,4,3,1,104034,15,57,Yes,Yes,3,3
209,37,4,8,2,2,4,55739,3,28,No,Yes,5,5
210,22,3,5,3,1,3,27796,7,70,Yes,No,2,3
211,65,1,2,1,2,4,63911,18,13,No,No,1,5
212,251,3,6,3,3,3,101109,12,67,Yes,Yes,2,4
213,40,2,3,3,3,3,99951,13,32,Yes,No,3,2
214,40,4,7,3,2,1,62313,18,59,No,Yes,2,3
215,272,4,7,1,3,3,104504,12,56,Yes,Yes,2,2
216,276,4,8,2,2,4,63036,0,68,No,No,3,4
217,233,3,5,1,1,1,28007,14,73,Yes,No,3,5
218,112,3,5,4,3,3,96192,8,57,Yes,Yes,1,2
219,35,2,3,3,2,2,58446,1,65,No,No,3,3
220,155,2,4,1,3,2,95330,17,78,Yes,No,3,5
221,202,1,2,4,4,3,183812,12,38,No,No,2,4
222,305,1,1,1,3,4,102760,3,72,No,No,2,5
223,295,4,7,1,2,1,55995,6,30,Yes,Yes,2,2
224,35,2,4,1,3,4,98723,12,72,No,Yes,3,4
225,280,2,3,1,2,2,55979,4,75,Yes,Yes,2,4
226,51,5,10,3,1,1,31631,0,40,No,No,2,3
227,290,4,8,4,3,4,103417,9,31,Yes,Yes,1,3
228,313,5,9,1,1,3,32140,16,28,No,No,3,5
229,168,1,2,3,1,1,30948,14,18,Yes,No,4,4
230,194,4,8,1,3,4,100262,18,49,No,Yes,2,3
231,56,5,9,3,2,1,55283,10,63,No,Yes,3,2
232,91,3,6,1,2,3,58589,6,61,No,Yes,4,5
233,239,3,5,3,2,4,58543,20,39,No,Yes,5,3
234,86,1,2,4,1,3,27839,4,11,No,No,4,3
235,182,2,3,1,1,2,28138,12,47,No,Yes,3,2
236,178,1,1,3,2,1,64412,16,46,No,Yes,4,1
237,149,3,5,1,4,4,181247,16,74,Yes,Yes,4,3
238,107,4,8,2,1,2,33197,19,41,Yes,Yes,4,1
239,335,5,10,4,2,4,59002,16,63,No,No,3,5
240,259,2,4,1,3,1,99564,14,70,No,Yes,3,3
241,214,4,7,1,2,1,57345,17,24,No,Yes,4,4
242,31,2,3,3,2,1,55946,13,41,Yes,Yes,2,3
243,256,4,8,1,2,2,60487,6,44,No,No,1,5
244,36,4,8,4,4,1,181859,7,41,No,No,3,2
245,67,3,5,4,4,1,180448,4,77,No,No,1,1
246,73,3,6,4,3,4,101367,9,53,Yes,Yes,2,4
247,185,5,9,2,3,3,98113,5,31,No,Yes,5,1
248,4,3,5,3,4,2,177078,13,79,No,No,2,2
249,94,3,5,1,1,2,28605,18,22,Yes,No,1,2
250,147,2,3,3,1,4,34174,16,71,Yes,No,3,3
251,8,5,10,4,2,3,55854,2,13,Yes,Yes,5,2
252,304,5,9,1,4,3,180876,11,33,No,No,2,2
253,236,1,1,1,3,4,101787,7,12,Yes,No,3,4
254,14,2,3,2,2,1,59554,18,37,Yes,Yes,4,5
255,235,1,1,3,3,1,98177,3,61,No,Yes,2,2
256,156,1,1,3,4,3,179778,18,46,Yes,No,4,1
257,128,3,6,4,2,1,55104,8,40,No,No,4,2
258,355,1,1,1,4,1,179563,4,56,Yes,No,1,1
259,315,3,5,2,2,3,61189,9,76,No,Yes,2,3
260,223,2,4,2,3,1,98253,10,23,Yes,Yes,2,4
261,197,5,10,4,4,4,176372,4,58,Yes,No,2,4
262,356,3,5,2,3,3,97686,1,38,No,No,2,1
263,63,1,2,1,3,2,102583,17,73,Yes,Yes,5,5
264,235,4,7,3,3,1,102670,2,28,No,No,1,4
265,115,4,8,1,3,3,96355,13,29,No,Yes,1,5
266,259,1,2,1,4,1,183460,5,74,Yes,No,2,3
267,66,1,2,2,3,1,95740,20,53,No,Yes,3,5
268,48,5,10,4,1,3,29477,2,80,No,Yes,3,5
269,190,5,10,2,2,2,59418,17,20,No,No,5,3
270,286,5,10,3,1,1,32988,2,21,Yes,No,5,1
271,86,2,3,3,1,3,29753,0,12,No,No,4,1
272,222,2,4,3,4,2,180831,5,14,No,No,2,2
273,334,4,8,4,3,4,101876,7,37,No,No,1,3
274,24,5,9,1,3,1,103882,19,53,No,Yes,1,3
275,357,4,8,2,1,3,26115,3,32,No,Yes,1,5
276,359,4,7,3,4,1,182834,3,35,No,Yes,3,3
277,286,1,2,1,1,2,33496,19,33,No,No,2,3
278,335,4,8,1,1,3,28724,5,52,Yes,No,3,5
279,127,2,4,1,4,1,175183,6,55,No,Yes,2,5
280,256,5,10,1,4,3,178106,4,37,No,Yes,1,4
281,47,4,8,2,4,4,180751,1,40,No,Yes,3,2
282,72,5,10,2,1,3,33977,2,40,No,Yes,2,2
283,355,5,10,3,3,4,102001,1,21,Yes,Yes,5,1
284,120,5,10,1,1,4,31491,13,26,No,Yes,2,2
285,320,2,4,4,3,4,100152,12,15,No,Yes,3,1
286,175,3,6,3,2,4,57981,3,45,No,No,5,1
287,220,3,6,1,3,4,98358,17,75,No,Yes,3,4
288,224,4,7,2,1,2,27724,18,32,Yes,Yes,4,3
289,40,2,3,3,2,2,58465,15,18,No,No,2,4
290,221,5,9,1,2,1,64430,3,41,No,Yes,2,2
291,109,5,10,4,2,3,56479,5,41,Yes,Yes,5,2
292,179,5,9,3,4,4,179337,16,49,Yes,No,4,4
293,313,3,5,4,1,3,32261,11,54,No,Yes,4,2
294,33,1,2,3,4,4,182499,7,42,No,Yes,5,2
295,357,1,1,2,1,4,29154,18,76,Yes,Yes,5,2
296,321,2,3,3,1,4,34394,5,77,No,No,4,2
297,83,3,6,3,3,4,101612,14,77,No,Yes,4,2
298,53,2,4,3,3,3,100846,11,74,No,Yes,1,5
299,19,5,10,2,4,1,179841,7,80,No,No,3,1
300,272,2,4,3,1,2,26399,5,80,No,No,5,1
301,291,1,2,4,3,4,96375,16,40,No,No,4,4
302,285,3,6,1,3,1,95239,11,69,No,No,2,5
303,178,3,6,4,3,3,99083,7,32,No,Yes,3,4
304,61,5,9,2,1,1,30297,16,40,No,No,2,1
305,280,4,8,3,2,4,62310,1,24,Yes,Yes,3,5
306,362,1,1,1,1,3,31414,9,56,Yes,Yes,2,1
307,168,4,8,3,3,3,98797,4,22,Yes,Yes,3,1
308,265,4,7,2,3,3,99227,3,48,Yes,Yes,5,3
309,199,5,10,1,2,3,60489,11,56,Yes,Yes,4,2
310,77,1,2,1,3,3,104460,13,28,No,Yes,5,5
311,128,3,5,2,3,3,97162,1,14,No,No,4,1
312,43,5,9,3,4,3,176319,8,60,Yes,Yes,3,3
313,357,4,8,1,1,2,32271,15,48,Yes,Yes,1,1
314,94,5,9,3,4,1,182615,12,66,No,No,5,2
315,262,1,1,1,3,2,96955,14,45,Yes,Yes,1,1
316,121,4,8,1,3,1,103326,17,48,Yes,No,2,1
317,72,4,7,3,3,3,99768,5,22,Yes,Yes,4,4
318,310,1,2,1,1,2,30064,10,32,No,No,4,3
319,205,1,1,4,1,1,28267,15,57,Yes,No,4,2
320,44,2,3,1,1,2,31332,16,69,Yes,Yes,2,4
321,161,2,3,2,4,1,181195,20,13,Yes,Yes,4,4
322,95,1,2,3,2,4,63770,7,65,Yes,Yes,5,2
323,230,3,5,4,1,2,29436,18,37,Yes,No,5,5
324,79,1,2,3,1,3,32886,12,33,No,No,3,5
325,172,2,3,4,3,1,103293,15,64,No,No,2,4
326,26,1,1,1,4,2,184122,20,29,Yes,No,1,3
327,39,5,10,3,3,1,103390,2,75,No,No,4,3
328,232,4,8,1,3,4,102789,0,65,No,No,5,5
329,12,3,6,2,4,2,180591,19,19,Yes,No,2,3
330,291,4,8,1,4,3,183604,6,59,Yes,Yes,4,1
331,308,3,5,3,2,2,58965,20,35,No,No,2,4
332,252,5,9,3,2,4,63751,6,76,Yes,No,3,3
333,68,2,4,2,1,3,31848,10,35,Yes,No,3,4
334,172,5,10,2,2,2,55944,6,74,No,Yes,4,1
335,81,5,10,4,1,3,32907,15,71,No,Yes,2,3
336,9,3,6,1,2,2,57436,11,65,No,No,5,1
337,307,5,9,3,3,1,99409,17,66,No,No,5,4
338,57,2,4,3,3,1,97119,7,66,No,Yes,2,3
339,358,1,1,3,1,2,26947,9,30,No,Yes,4,1
340,230,3,5,3,4,3,182729,5,69,No,No,4,5
341,98,5,10,1,1,1,31511,16,74,No,No,2,3
342,142,5,10,1,3,4,96763,13,65,Yes,Yes,3,3
343,190,5,9,1,4,1,178912,17,48,Yes,Yes,5,5
344,83,4,7,3,1,4,32174,10,22,Yes,No,5,1
345,171,3,6,1,4,4,177070,8,29,No,Yes,2,4
346,170,1,2,4,4,4,182302,2,52,No,Yes,3,2
347,299,2,4,4,4,2,179204,20,47,Yes,No,3,4
348,105,1,2,3,1,2,28841,4,65,Yes,Yes,5,1
349,302,1,2,3,4,2,176886,14,47,Yes,No,5,1
350,251,3,6,3,3,3,102518,20,35,No,Yes,1,3
351,324,1,1,1,3,4,103370,16,66,Yes,Yes,2,4
352,173,2,4,3,2,1,64184,13,79,No,No,4,1
353,311,4,8,3,1,1,25216,6,24,No,Yes,4,4
354,116,4,8,2,4,1,176728,8,47,No,No,1,5
355,92,1,1,2,3,2,97317,19,62,No,Yes,5,5
356,87,2,3,2,3,4,104486,20,20,No,Yes,4,5
357,132,1,1,2,4,4,181670,17,31,No,Yes,1,4
358,328,4,8,3,4,1,178343,0,67,Yes,No,4,1
359,108,1,2,4,1,1,28799,14,67,Yes,Yes,4,4
360,18,3,6,1,4,1,181877,2,56,No,Yes,1,5
361,23,4,8,1,2,2,58556,4,53,Yes,Yes,4,3
362,185,5,10,4,2,4,64585,13,39,No,No,5,3
363,168,2,4,4,4,2,176653,1,20,No,Yes,5,3
364,222,3,6,4,1,2,30581,0,47,No,No,3,5
365,86,3,5,3,1,1,31538,0,58,Yes,No,5,1
366,291,5,9,2,4,2,176168,5,22,No,Yes,3,5
367,249,4,7,2,1,2,25216,16,74,Yes,Yes,5,3
368,172,3,6,1,2,4,58680,20,22,Yes,Yes,2,4
369,264,3,6,4,4,4,178977,1,65,No,Yes,4,4
370,356,1,1,4,1,1,33940,13,51,No,Yes,3,1
371,278,1,2,1,2,4,56992,19,61,Yes,Yes,4,3
372,351,5,10,3,1,4,33462,19,14,No,Yes,4,3
373,161,2,4,2,1,4,25115,9,17,Yes,No,3,2
374,222,5,9,4,3,4,95983,2,24,No,No,2,4
375,139,4,8,2,4,4,177484,11,65,Yes,Yes,5,5
376,345,2,3,4,1,1,29634,11,59,Yes,No,3,3
377,128,4,7,2,4,1,183336,0,42,No,No,4,2
378,111,3,5,1,1,1,27051,1,75,No,No,2,4
379,146,5,10,2,3,1,97355,4,41,Yes,Yes,3,3
380,102,4,7,2,4,1,181147,7,53,No,Yes,3,5
381,301,4,8,3,2,3,63673,16,48,Yes,No,4,4
382,5,3,5,2,1,3,30773,7,59,Yes,No,1,4
383,230,5,10,1,4,3,179820,6,25,Yes,Yes,5,3
384,316,2,4,3,3,1,99542,5,80,No,Yes,3,5
385,69,2,4,1,1,1,30255,1,66,No,No,1,5
386,5,1,1,4,1,2,27110,11,53,Yes,Yes,4,5
387,359,5,10,3,1,2,25314,5,49,Yes,No,2,2
388,168,5,10,1,1,4,34704,11,46,No,No,2,4
389,330,3,5,1,3,4,96462,17,57,No,No,1,2
390,173,1,2,2,4,2,178011,17,31,Yes,Yes,3,5
391,197,5,10,3,2,4,63665,6,13,Yes,Yes,5,5
392,314,5,10,3,2,4,60872,16,35,No,No,4,5
393,199,4,8,3,3,2,102624,14,35,Yes,Yes,1,4
394,171,2,4,4,3,3,101166,4,30,No,Yes,2,1
395,223,4,7,3,3,3,102061,16,48,Yes,No,4,2
396,264,3,5,3,3,4,104712,12,63,Yes,No,5,2
397,348,5,10,4,1,3,29777,10,69,No,Yes,4,5
398,178,3,5,1,2,2,56551,12,37,No,Yes,5,2
399,111,1,1,2,3,4,98371,9,15,Yes,Yes,2,4
400,356,2,4,3,4,2,181544,13,56,No,Yes,2,1
401,30,5,9,2,2,1,62934,3,13,Yes,No,4,4
402,251,1,2,1,3,2,104205,5,29,Yes,Yes,1,4
403,20,1,2,4,1,3,26112,10,13,No,No,2,1
404,25,2,4,2,2,2,57800,8,53,Yes,No,5,5
405,279,5,10,4,3,1,101848,8,32,Yes,No,3,3
406,69,1,2,2,3,4,97398,13,43,No,No,2,4
407,260,5,9,2,3,3,97297,12,46,Yes,No,2,2
408,211,4,7,2,1,1,34747,18,16,Yes,No,5,2
409,62,4,8,3,2,1,58264,16,26,Yes,No,4,1
410,135,4,7,4,2,3,58108,13,51,Yes,Yes,4,2
411,36,1,2,2,3,3,104070,5,17,Yes,No,4,5
412,235,5,9,2,4,2,176062,18,28,Yes,No,4,3
413,173,1,2,3,3,1,98703,14,23,No,Yes,1,3
414,25,3,5,1,2,1,63654,4,37,No,Yes,5,2
415,136,3,6,4,3,2,104612,20,73,Yes,No,1,5
416,287,1,2,1,1,3,34057,13,63,Yes,Yes,1,1
417,222,2,3,2,4,3,184643,2,35,Yes,No,4,4
418,291,5,9,2,3,4,100030,13,71,Yes,Yes,1,1
419,138,4,8,3,2,4,61232,8,64,No,Yes,5,4
420,182,5,9,3,1,2,27417,0,55,Yes,Yes,3,4
421,259,5,10,4,4,2,182897,0,63,No,Yes,2,4
422,314,3,6,2,3,3,104208,3,27,Yes,No,3,3
423,136,5,9,2,1,1,31327,6,76,No,Yes,5,3
424,27,1,2,1,1,1,33273,20,45,Yes,Yes,5,3
425,20,4,8,2,2,1,58419,2,79,No,Yes,5,2
426,229,1,1,4,2,4,56886,7,18,Yes,Yes,2,1
427,331,2,4,1,1,2,27064,9,49,No,Yes,1,3
428,215,4,8,3,3,2,97881,4,40,Yes,Yes,1,3
429,309,1,1,3,4,2,176182,17,30,No,Yes,4,2
430,98,2,3,3,4,3,179020,3,53,Yes,Yes,5,1
431,54,3,5,3,3,4,104123,4,70,No,Yes,2,1
432,293,3,6,2,1,2,29016,1,31,Yes,No,2,1
433,300,3,6,2,1,2,30289,3,73,Yes,Yes,1,3
434,19,5,10,3,2,4,63008,20,66,Yes,No,4,1
435,135,3,6,4,1,1,26711,10,70,Yes,Yes,2,4
436,38,3,6,1,3,1,99108,4,17,No,Yes,3,4
437,180,2,4,1,3,1,98747,15,49,Yes,No,4,4
438,209,3,5,2,1,3,31206,1,75,No,No,5,3
439,293,3,5,2,3,2,98334,16,53,Yes,No,5,2
440,107,4,7,3,1,1,33245,0,77,Yes,Yes,3,4
441,37,1,1,2,4,3,182079,8,42,Yes,No,3,3
442,292,2,3,4,3,2,101732,10,62,No,Yes,5,5
443,305,5,9,1,2,4,64906,15,72,Yes,No,4,5
444,215,1,1,1,2,4,63568,8,12,No,No,4,5
445,33,1,2,4,2,3,56779,15,77,No,Yes,5,5
446,138,4,7,4,1,1,34097,4,18,Yes,No,5,1
447,64,3,6,2,1,3,26294,5,52,No,No,4,3
448,199,2,3,2,3,4,103186,6,53,No,No,1,5
449,195,2,4,4,4,1,179817,4,79,No,No,3,2
450,113,5,9,2,1,1,33442,8,23,No,No,4,4
451,269,3,5,2,3,3,98285,2,66,No,No,3,4
452,301,2,4,3,2,2,62412,14,51,Yes,Yes,2,4
453,308,5,9,2,2,2,64789,6,38,Yes,Yes,3,1
454,294,2,3,2,4,4,183571,9,47,No,No,4,1
455,151,5,9,1,1,1,27103,5,41,No,Yes,3,4
456,148,5,9,4,2,3,55443,10,62,No,Yes,3,2
457,218,1,1,1,4,4,178768,6,78,Yes,No,4,2
458,79,1,2,4,4,1,183248,2,29,No,No,4,5
459,141,5,10,3,1,2,33104,14,57,Yes,Yes,2,1
460,81,1,1,1,4,4,175360,5,67,No,No,1,1
461,254,3,5,3,4,1,183339,4,71,Yes,No,4,2
462,214,3,5,2,3,3,104962,6,17,Yes,Yes,1,5
463,324,1,2,2,1,3,31709,13,52,No,No,1,3
464,267,5,10,1,3,2,102792,12,51,No,No,5,3
465,84,5,9,4,4,3,181496,18,24,Yes,No,3,4
466,20,4,8,1,2,1,64664,9,41,No,No,3,1
467,79,2,4,2,3,1,99320,1,51,Yes,Yes,5,5
468,292,2,4,4,2,3,61375,20,28,No,No,2,4
469,358,2,4,1,2,3,63135,9,38,Yes,No,5,4
470,163,2,4,2,2,4,56369,12,53,No,No,4,1
471,12,4,7,4,3,4,101409,12,73,Yes,No,2,1
472,312,3,6,2,2,4,58517,4,24,Yes,No,2,1
473,55,2,3,2,3,1,101090,8,52,No,No,2,3
474,87,4,7,1,1,2,31759,16,58,Yes,No,4,3
475,218,1,1,4,3,1,103659,17,19,Yes,Yes,1,3
476,333,2,4,2,1,2,28381,4,57,Yes,Yes,1,1
477,271,4,8,4,3,3,102821,5,43,Yes,Yes,1,2
478,81,2,3,1,2,2,60012,3,63,No,Yes,3,3
479,78,5,9,1,1,4,33865,0,24,No,No,1,2
480,124,1,1,4,3,1,99444,14,29,Yes,No,3,5
481,45,2,3,4,3,4,100602,17,37,No,No,3,3
482,249,5,9,2,1,4,28190,15,60,No,Yes,5,4
483,210,1,1,4,4,3,183896,9,75,No,Yes,4,4
484,222,3,6,2,2,4,55609,12,70,No,Yes,3,3
485,347,2,3,1,2,4,57135,11,28,Yes,Yes,1,1
486,233,4,7,2,2,3,63786,4,28,Yes,Yes,5,1
487,236,2,3,1,2,2,56379,17,75,Yes,Yes,1,2
488,65,2,4,1,3,1,103050,19,32,Yes,No,2,2
489,107,3,6,4,1,2,27240,17,17,Yes,Yes,3,1
490,326,5,9,3,3,3,102541,7,58,No,Yes,4,1
491,313,1,2,4,4,3,183370,15,60,Yes,No,4,3
492,66,5,9,2,4,2,184933,18,33,No,No,4,4
493,78,1,1,4,1,2,28394,17,65,No,Yes,4,1
494,152,4,7,3,3,1,101666,18,34,Yes,No,4,2
495,95,4,8,2,3,4,96863,13,31,Yes,Yes,4,3
496,319,4,8,3,4,4,177303,20,55,No,No,5,4
497,143,3,6,1,2,4,56338,12,38,Yes,Yes,1,4
498,88,1,1,3,3,1,104329,10,31,Yes,No,4,3
499,70,4,7,4,1,2,27995,0,42,No,Yes,3,2
500,340,1,2,2,4,3,175488,5,18,No,Yes,3,4
501,191,2,3,2,2,1,60314,0,27,No,No,3,2
502,347,5,9,3,4,2,176562,18,45,Yes,Yes,3,4
503,236,2,3,4,2,2,55909,5,38,Yes,Yes,4,5
504,197,3,5,3,3,4,95007,14,41,No,No,3,5
505,129,3,5,3,2,3,56356,19,75,Yes,No,5,2
506,115,5,10,2,4,2,183919,10,46,Yes,Yes,5,4
507,351,5,10,1,3,4,98800,18,22,Yes,Yes,4,5
508,9,2,4,4,4,4,175926,3,31,Yes,Yes,1,3
509,221,1,1,2,1,1,28973,19,14,No,Yes,5,4
510,306,1,2,2,1,1,32519,9,19,No,Yes,3,4
511,273,5,10,2,2,1,60597,14,71,No,No,5,5
512,343,5,9,2,1,4,27645,13,26,Yes,No,1,4
513,360,2,3,2,2,4,58575,10,54,Yes,Yes,2,2
514,34,2,4,2,3,1,98253,9,52,No,Yes,3,1
515,211,2,3,1,1,4,33171,14,15,Yes,Yes,3,3
516,160,2,4,4,3,4,104909,8,32,Yes,Yes,2,3
517,308,5,9,1,2,3,61408,9,61,No,Yes,1,5
518,92,5,10,1,4,3,181879,10,80,No,No,3,3
519,190,2,4,3,3,3,97519,17,21,Yes,No,4,1
520,201,1,1,2,3,2,96496,10,15,No,Yes,5,2
521,44,2,4,2,3,1,97392,19,73,No,No,2,2
522,352,1,1,4,2,3,64657,20,33,No,No,4,3
523,302,5,9,2,2,4,55887,12,21,No,No,1,5
524,176,4,7,3,1,4,29380,20,74,Yes,Yes,4,3
525,136,1,1,2,4,2,181580,0,69,Yes,Yes,3,2
526,289,1,2,3,3,3,104554,18,58,Yes,No,5,3
527,256,4,8,1,1,3,29758,17,27,Yes,No,1,5
528,205,3,6,3,1,3,28929,0,13,Yes,No,2,4
529,363,3,5,3,3,4,99858,20,25,Yes,Yes,5,3
530,13,3,5,1,2,2,59705,13,75,Yes,Yes,2,4
531,238,5,9,1,1,3,27336,18,54,Yes,No,2,2
532,99,3,5,1,3,4,95341,0,50,Yes,Yes,5,5
533,295,5,9,4,2,1,56849,5,67,Yes,Yes,5,3
534,167,4,8,2,4,3,178590,10,61,Yes,Yes,5,5
535,342,5,9,4,2,3,59528,13,23,No,No,4,2
536,136,3,6,1,4,2,181113,11,49,No,Yes,5,3
537,262,3,5,2,1,3,27560,19,54,Yes,Yes,5,5
538,302,2,3,3,4,1,179174,14,12,Yes,No,2,1
539,270,1,2,1,3,1,100939,3,45,No,Yes,4,3
540,271,3,5,1,3,4,101283,16,16,Yes,No,5,4
541,332,5,9,2,4,3,179748,2,15,No,Yes,2,3
542,333,2,4,1,1,4,31763,19,36,No,Yes,5,3
543,351,3,5,1,4,4,175742,10,25,Yes,No,4,5
544,140,2,3,3,1,2,26995,7,66,No,Yes,5,1
545,1,4,8,4,3,3,96417,16,11,No,Yes,2,5
546,2,3,5,1,2,1,58302,1,70,Yes,Yes,3,3
547,245,4,8,1,4,4,175443,15,14,Yes,Yes,3,1
548,48,2,3,2,1,4,25365,18,56,Yes,No,4,4
549,119,5,9,3,2,1,63160,5,59,Yes,No,4,3
550,38,3,6,3,2,4,56211,10,73,Yes,Yes,1,5
551,38,2,3,4,3,1,100147,14,17,No,No,3,3
552,63,2,3,3,1,3,33550,0,43,Yes,Yes,3,5
553,241,4,8,4,1,4,32641,8,49,Yes,Yes,3,5
554,203,3,6,2,1,4,30171,8,30,Yes,No,5,1
555,213,5,10,3,4,1,182669,10,76,No,Yes,2,3
556,177,3,6,3,3,1,104105,17,27,No,Yes,3,1
557,255,2,3,4,1,1,29619,13,45,Yes,Yes,3,2
558,259,4,7,2,2,2,58310,5,30,Yes,No,4,2
559,186,3,5,2,1,4,26422,14,72,No,Yes,2,1
560,164,5,10,1,2,2,59651,19,65,Yes,Yes,4,5
561,14,3,6,3,4,2,180504,10,65,Yes,No,1,4
562,50,5,9,2,2,1,63293,14,25,No,Yes,4,4
563,330,1,1,4,1,4,31219,9,11,Yes,Yes,5,3
564,107,1,2,4,4,4,176080,10,15,No,No,5,5
565,51,1,1,3,1,4,25443,15,80,No,Yes,2,1
566,25,5,9,4,3,1,103462,8,36,Yes,Yes,2,4
567,215,1,1,4,1,3,31033,9,73,Yes,Yes,2,4
568,116,2,4,4,3,1,101973,14,15,No,No,4,2
569,264,2,4,2,1,4,25103,13,80,Yes,Yes,1,4
570,273,1,2,3,2,3,58224,6,67,No,Yes,4,5
571,7,1,2,1,1,1,31046,7,48,Yes,No,2,1
572,348,2,4,4,3,3,102353,8,69,Yes,Yes,4,5
573,35,5,10,3,1,3,29148,11,27,No,Yes,2,2
574,272,4,7,1,4,3,175596,17,27,No,No,2,4
575,121,4,7,2,3,4,100862,0,58,No,No,5,4
576,273,5,9,4,1,4,33304,12,73,No,No,5,3
577,166,5,10,1,1,3,32411,18,33,Yes,No,5,3
578,194,2,4,3,4,4,176542,13,64,Yes,No,1,4
579,284,3,5,1,2,4,61413,3,23,Yes,No,1,5
580,99,2,3,2,4,3,183820,8,27,No,Yes,5,4
581,129,2,4,3,3,4,102573,4,25,No,No,1,1
582,190,4,8,2,1,4,25206,4,37,No,No,2,2
583,210,5,9,3,3,3,98510,5,60,No,Yes,2,2
584,76,4,7,2,4,4,176374,13,45,Yes,Yes,3,5
585,40,2,4,3,1,3,27538,9,19,No,No,3,1
586,105,5,9,3,2,3,59974,5,27,Yes,No,5,2
587,189,5,10,1,2,2,59178,5,48,Yes,Yes,5,1
588,343,5,10,3,3,4,98237,13,57,Yes,Yes,3,4
589,220,4,8,1,4,3,178828,5,78,Yes,Yes,3,5
590,173,4,8,4,2,1,62338,0,10,No,No,5,2
591,127,4,8,3,4,3,179576,3,65,Yes,No,3,1
592,51,3,6,1,2,2,62048,5,70,Yes,Yes,3,1
593,348,2,4,2,3,4,95224,20,25,No,Yes,3,5
594,239,4,7,1,3,2,95862,5,34,Yes,Yes,4,5
595,142,4,8,4,1,2,31342,3,62,No,No,3,5
596,127,1,2,2,4,3,177937,2,11,Yes,Yes,1,1
597,278,1,2,2,2,2,58291,7,21,No,Yes,2,1
598,202,5,9,3,3,4,104171,18,55,Yes,No,5,1
599,190,5,10,1,2,3,60497,12,49,Yes,No,4,4
600,340,3,6,1,3,1,102294,11,50,Yes,Yes,5,1
601,59,1,2,2,4,2,181964,5,80,No,Yes,5,4
602,205,1,2,4,1,4,26808,7,72,Yes,Yes,2,4
603,113,5,10,1,4,4,178406,1,55,No,No,1,5
604,133,1,2,3,2,2,62420,2,41,Yes,No,4,5
605,4,5,10,4,4,3,176837,19,55,No,Yes,2,4
606,145,4,8,2,4,1,184729,4,18,No,Yes,2,3
607,160,4,7,1,3,4,98185,2,46,Yes,Yes,5,3
608,1,3,6,3,4,4,183171,9,60,No,No,4,5
609,224,1,2,2,1,1,29466,0,21,No,No,5,5
610,213,4,8,2,2,2,63395,6,52,No,No,4,3
611,206,1,1,2,4,4,177080,17,24,No,No,4,1
612,153,5,9,1,2,2,58130,13,24,Yes,No,5,1
613,255,3,5,2,4,3,180276,15,26,No,No,3,4
614,236,2,4,3,3,2,97137,12,14,Yes,Yes,3,4
615,313,1,2,2,3,2,98839,13,24,No,Yes,1,1
616,316,3,6,1,1,1,25037,13,23,No,No,5,3
617,33,5,10,4,1,4,28469,1,25,No,No,4,3
618,332,3,6,2,4,1,180288,6,30,Yes,No,2,1
619,287,1,1,4,3,2,102961,18,55,No,No,4,3
620,142,1,1,2,1,2,26409,11,32,Yes,No,2,1
621,311,1,1,2,4,3,176416,20,63,No,Yes,5,2
622,201,3,6,4,2,3,60982,10,14,Yes,No,2,3
623,349,4,8,4,1,1,25329,18,41,No,No,3,1
624,90,2,3,1,1,4,27228,15,12,Yes,Yes,1,3
625,35,4,8,1,1,4,29623,2,40,Yes,Yes,3,4
626,59,5,9,1,1,2,33145,3,46,No,No,3,5
627,221,4,8,2,2,3,60396,14,16,No,No,3,2
628,290,4,7,1,3,2,96164,17,46,No,Yes,2,3
629,307,2,3,4,1,2,31301,13,20,Yes,No,4,5
630,76,5,9,1,4,4,184261,9,68,Yes,Yes,4,1
631,365,2,4,4,3,2,104300,8,30,No,No,5,3
632,265,1,2,1,2,1,64907,11,49,No,No,5,4
633,316,1,1,4,2,4,57417,6,50,No,Yes,3,1
634,5,4,8,2,1,2,25511,5,55,No,Yes,5,5
635,316,4,7,1,3,2,95870,20,42,Yes,Yes,5,3
636,71,2,4,3,4,3,176305,9,59,No,Yes,5,3
637,159,3,5,4,2,2,60261,12,71,Yes,Yes,3,5
638,321,4,7,1,2,3,61657,17,28,No,No,5,2
639,170,4,8,4,1,2,30047,16,60,No,Yes,5,5
640,304,5,9,1,1,3,33697,8,17,Yes,No,3,4
641,60,1,1,4,3,3,98284,3,52,Yes,Yes,4,2
642,136,3,5,4,1,1,31830,9,27,No,No,3,2
643,230,4,8,2,4,2,180954,19,16,Yes,Yes,5,4
644,344,4,7,2,3,4,97512,3,60,Yes,Yes,5,4
645,173,1,1,2,2,3,61956,11,26,Yes,No,5,5
646,359,5,10,3,2,4,62335,10,59,No,Yes,5,5
647,12,5,9,2,3,4,103687,7,39,No,Yes,2,1
648,43,3,5,3,1,2,31002,12,72,Yes,Yes,5,4
649,280,4,7,4,2,3,56285,0,40,Yes,Yes,3,2
650,201,2,4,1,3,4,95280,4,44,Yes,Yes,5,2
651,253,5,10,2,1,3,26267,11,79,No,No,4,3
652,77,1,1,2,2,3,57974,16,13,Yes,No,4,1
653,283,2,4,2,4,2,179835,0,34,Yes,Yes,5,4
654,208,1,1,4,3,1,97173,4,18,No,Yes,3,4
655,58,2,4,3,1,3,32226,20,40,Yes,Yes,5,2
656,172,5,10,1,1,2,25502,14,77,No,Yes,4,1
657,204,4,7,3,1,1,29391,5,73,No,Yes,2,3
658,54,4,8,2,1,3,33035,5,46,No,No,3,3
659,239,4,7,4,2,1,55446,18,54,No,Yes,5,3
660,306,5,9,1,4,1,180703,9,48,Yes,Yes,5,3
661,116,5,9,2,2,1,58363,10,60,Yes,Yes,3,3
662,251,3,5,1,4,2,181774,0,61,No,No,5,3
663,176,4,8,1,4,3,184625,15,65,No,Yes,1,1
664,81,3,5,2,4,1,177649,0,23,No,Yes,4,1
665,270,5,9,1,3,2,104139,11,61,Yes,Yes,3,1
666,298,2,4,3,2,3,59168,11,46,Yes,Yes,4,3
667,63,4,8,2,2,1,58493,5,42,Yes,Yes,5,1
668,199,5,10,2,3,3,104489,14,16,No,No,3,4
669,89,5,10,4,1,3,25940,19,59,Yes,No,5,4
670,317,1,1,1,3,4,104154,2,68,Yes,Yes,4,3
671,155,5,10,2,3,2,102355,14,59,Yes,No,5,1
672,123,2,3,2,1,1,27156,8,79,Yes,No,2,1
673,93,1,1,3,3,2,99770,17,18,Yes,Yes,4,5
674,4,4,8,4,3,1,99537,17,77,Yes,Yes,4,1
675,270,4,8,2,1,4,34390,12,58,No,Yes,5,4
676,195,1,1,2,3,3,99952,20,70,No,No,4,4
677,104,1,1,2,3,2,100673,15,61,Yes,Yes,4,4
678,178,4,7,2,4,4,175804,18,38,No,Yes,1,1
679,36,3,6,4,4,1,184440,8,43,Yes,No,1,3
680,99,1,1,3,1,3,34362,17,18,No,Yes,4,2
681,155,2,4,2,4,3,182075,10,33,No,No,5,4
682,124,1,2,1,2,1,57959,9,49,No,Yes,4,5
683,145,2,4,2,3,3,99948,6,55,No,No,5,1
684,160,3,5,4,4,1,183384,16,11,No,Yes,4,3
685,307,1,2,1,3,4,102861,7,74,Yes,Yes,2,4
686,73,2,3,4,3,1,98385,5,69,Yes,No,4,5
687,121,1,1,2,4,4,177017,13,18,No,Yes,1,3
688,256,4,7,3,1,2,25834,7,58,Yes,Yes,2,2
689,153,5,10,2,3,1,95256,18,12,Yes,Yes,5,2
690,230,2,3,2,3,4,100309,1,37,No,No,2,5
691,320,3,5,2,3,2,96674,10,70,Yes,Yes,3,3
692,75,1,2,3,4,3,180927,7,54,Yes,No,1,2
693,31,5,9,2,4,1,181287,8,45,No,Yes,1,2
694,291,2,3,2,3,2,101952,5,18,Yes,Yes,3,2
695,336,3,6,3,2,4,60747,4,57,No,No,2,5
696,299,5,10,2,2,3,61592,5,26,Yes,No,4,3
697,132,5,10,3,3,3,99078,13,38,No,No,2,1
698,211,2,4,4,3,3,100130,19,30,Yes,No,4,5
699,80,1,1,1,3,4,96475,0,79,No,No,1,5
700,267,1,1,4,2,2,58559,3,46,Yes,Yes,5,4
701,166,2,4,2,1,4,25269,1,47,No,No,4,1
702,12,5,10,4,3,4,99048,18,13,Yes,Yes,1,5
703,74,4,7,4,3,2,102073,8,56,No,No,5,3
704,6,2,3,1,4,3,180841,17,30,Yes,No,2,3
705,87,3,6,3,1,3,28805,10,59,Yes,No,5,2
706,52,5,9,4,1,4,29098,13,34,Yes,Yes,5,3
707,131,5,10,1,2,4,62841,10,59,Yes,No,4,5
708,246,5,9,3,4,4,182760,2,58,No,No,3,1
709,169,1,1,4,2,1,56180,4,45,Yes,Yes,1,1
710,39,3,5,2,3,4,103344,12,40,No,Yes,3,1
711,101,5,10,4,3,4,99002,17,76,No,Yes,5,1
712,132,4,8,4,3,3,104951,12,21,Yes,Yes,1,2
713,213,1,2,3,1,1,28270,13,60,No,Yes,3,2
714,149,5,10,1,3,2,99748,18,39,Yes,No,3,4
715,105,5,10,1,2,2,64452,12,63,Yes,Yes,2,3
716,23,4,7,4,1,1,31921,5,64,No,Yes,5,2
717,341,4,8,2,3,1,100719,1,72,Yes,Yes,3,2
718,7,4,8,3,2,4,60825,19,27,No,Yes,2,2
719,88,4,7,4,3,1,95361,16,43,Yes,No,2,4
720,189,1,1,2,3,2,98652,0,45,No,No,3,4
721,116,3,6,2,4,2,180281,14,13,No,Yes,4,4
722,134,3,5,4,2,1,59970,17,80,No,No,3,5
723,23,5,10,4,4,3,179834,20,45,Yes,Yes,4,3
724,258,2,4,2,2,1,59732,0,30,Yes,Yes,1,2
725,335,4,8,4,1,1,29113,11,52,Yes,Yes,2,5
726,106,4,7,2,3,4,97399,1,40,No,Yes,2,1
727,308,2,4,1,2,1,62686,12,39,Yes,Yes,2,3
728,59,1,1,2,1,4,28733,3,11,Yes,No,3,4
729,322,2,4,1,1,4,31574,11,23,Yes,No,2,2
730,295,2,4,3,1,3,29048,7,29,No,No,4,1
731,357,5,9,1,3,3,95140,7,79,Yes,Yes,2,2
732,300,4,8,4,1,1,30190,10,66,No,Yes,2,2
733,215,5,10,4,1,3,30213,11,52,No,Yes,5,1
734,352,1,2,1,2,4,61936,8,19,No,Yes,3,1
735,14,5,10,3,1,4,31055,5,14,Yes,No,1,3
736,122,2,4,3,1,4,25752,4,33,Yes,No,2,4
737,53,2,4,2,1,2,33068,13,57,Yes,Yes,5,1
738,225,5,9,4,4,2,175397,7,64,Yes,Yes,5,4
739,108,1,2,1,3,1,96161,8,48,No,No,1,5
740,181,4,7,2,1,4,32433,13,77,Yes,Yes,2,3
741,227,3,6,3,2,3,57402,13,73,No,Yes,1,1
742,209,4,7,2,4,4,183525,7,32,Yes,No,4,3
743,137,1,1,4,1,4,26644,13,14,Yes,No,4,4
744,187,2,3,3,4,4,180796,3,68,Yes,Yes,5,1
745,165,5,10,2,4,1,176638,1,26,No,No,2,2
746,289,1,1,1,1,2,31992,3,71,Yes,No,4,3
747,226,2,3,3,3,4,103124,0,11,Yes,No,4,5
748,224,3,6,1,1,2,28067,16,59,No,No,2,4
749,98,4,7,4,4,4,176730,17,77,Yes,Yes,1,1
750,253,2,3,2,1,3,25317,17,44,Yes,Yes,2,1
751,30,2,3,4,2,3,59717,2,38,Yes,Yes,2,5
752,251,1,2,3,4,3,183131,5,14,No,No,3,3
753,202,3,6,3,3,1,96931,18,62,Yes,No,3,5
754,13,2,3,4,4,3,175682,12,30,Yes,Yes,5,5
755,200,5,9,2,1,4,26070,5,60,No,Yes,3,1
756,89,1,2,2,2,3,59859,8,16,Yes,Yes,4,1
757,302,4,8,2,4,1,182176,15,78,Yes,Yes,3,5
758,256,2,4,1,3,3,98589,2,66,Yes,Yes,1,1
759,268,1,1,3,1,2,30661,1,58,No,No,1,2
760,317,5,9,3,2,4,58999,16,38,Yes,No,4,1
761,83,5,9,3,1,2,30194,7,73,No,No,2,4
762,25,4,7,4,4,4,181349,17,73,Yes,No,1,1
763,96,3,5,1,2,1,59501,17,79,Yes,No,1,5
764,168,4,8,2,1,3,25443,7,60,No,Yes,2,3
765,349,3,6,2,4,1,177652,16,17,Yes,No,1,5
766,237,5,9,1,4,3,181213,16,76,No,No,3,4
767,157,2,4,4,3,3,98288,10,70,No,Yes,3,5
768,76,3,5,3,2,2,58632,2,14,Yes,No,5,5
769,349,4,8,3,1,4,29255,15,66,Yes,Yes,2,5
770,161,1,2,2,2,1,64833,5,54,No,No,3,1
771,34,1,1,2,4,1,177045,15,70,No,No,1,4
772,292,5,10,1,4,3,181270,17,49,Yes,No,2,2
773,142,2,3,2,1,2,26654,16,16,Yes,No,3,3
774,28,2,4,2,1,1,25489,17,72,Yes,Yes,1,3
775,119,4,7,2,1,1,26463,20,40,No,No,1,4
776,282,2,3,2,3,2,95894,1,20,Yes,No,5,2
777,106,2,4,2,1,1,29578,20,80,No,Yes,5,2
778,181,2,3,3,2,4,56908,5,54,Yes,Yes,1,4
779,50,3,5,4,2,1,55869,12,52,Yes,No,4,5
780,282,3,5,1,3,3,100548,16,11,No,Yes,4,1
781,298,1,1,2,1,1,29653,2,70,No,No,2,3
782,293,3,5,1,1,1,33726,18,25,Yes,Yes,5,2
783,111,5,10,3,3,1,101545,20,60,No,No,2,5
784,261,4,8,4,3,2,104888,4,77,No,Yes,1,3
785,29,2,4,1,3,3,98297,16,10,No,Yes,5,4
786,276,2,4,1,3,3,103422,2,50,Yes,Yes,4,5
787,364,4,8,3,2,1,58244,20,43,Yes,No,1,4
788,356,4,8,2,2,4,64883,10,14,Yes,Yes,1,1
789,15,3,5,1,1,4,26428,16,41,Yes,Yes,3,5
790,5,4,8,1,1,3,28185,2,17,No,No,3,2
791,129,3,6,3,1,4,33538,7,56,Yes,No,1,3
792,64,2,4,4,1,2,34030,2,55,Yes,No,4,1
793,304,1,2,2,2,4,59818,1,55,No,No,5,3
794,301,3,5,4,2,2,61533,1,70,No,Yes,4,1
795,190,2,3,4,1,3,27820,20,57,Yes,No,1,5
796,241,4,8,3,2,1,59317,17,53,No,Yes,3,4
797,172,5,10,3,3,2,96247,19,60,No,Yes,1,3
798,60,3,5,2,4,4,175350,6,54,No,Yes,5,4
799,108,4,8,4,2,2,59861,1,42,No,Yes,4,1
800,247,2,4,4,1,2,31557,12,22,No,No,4,5
801,266,4,7,1,3,4,97303,10,15,No,Yes,1,2
802,310,1,1,3,3,4,97837,5,39,Yes,No,5,5
803,238,3,6,4,3,2,100064,15,60,No,No,2,5
804,280,2,3,3,4,3,176366,20,52,Yes,No,1,2
805,308,2,3,4,3,3,101280,15,64,No,No,5,4
806,124,5,10,1,4,2,181992,11,77,Yes,Yes,5,1
807,252,3,5,1,1,2,31131,12,24,Yes,Yes,5,3
808,319,3,6,2,4,3,176840,15,25,Yes,Yes,1,4
809,310,1,2,2,1,2,31967,4,56,No,No,2,2
810,282,5,10,1,2,3,56685,4,34,No,Yes,2,3
811,284,1,2,1,1,2,25661,18,44,No,No,5,4
812,277,2,4,1,4,4,180077,15,38,No,No,5,1
813,264,1,2,4,2,2,64663,18,75,No,No,4,1
814,365,2,4,3,3,1,102212,4,67,Yes,Yes,1,4
815,239,2,3,3,2,4,59662,3,71,Yes,Yes,2,3
816,146,2,3,3,3,4,99890,4,41,No,No,3,1
817,144,1,1,2,1,2,28817,10,63,No,No,5,4
818,97,1,2,1,3,2,104325,10,52,Yes,Yes,5,5
819,234,3,6,3,2,1,57583,18,27,Yes,No,2,5
820,83,1,2,3,3,3,99811,3,27,No,No,5,5
821,59,3,6,4,4,3,178321,8,40,No,Yes,4,2
822,48,2,3,2,3,2,101810,14,15,Yes,Yes,5,1
823,9,1,1,1,2,3,60907,17,15,Yes,Yes,1,1
824,58,2,4,2,2,4,55171,14,71,Yes,No,2,1
825,157,4,7,1,2,1,58567,14,53,No,Yes,5,5
826,133,5,9,4,1,1,29186,12,71,No,Yes,3,1
827,321,2,4,4,1,3,30869,14,76,Yes,Yes,2,2
828,252,4,7,1,4,3,182073,1,30,No,Yes,1,5
829,168,1,1,2,1,1,25778,5,25,No,Yes,5,2
830,297,1,2,1,1,4,30357,9,48,No,No,1,5
831,266,2,4,4,3,1,99274,10,18,Yes,Yes,2,4
832,206,1,2,2,3,1,101123,9,49,Yes,Yes,4,5
833,105,2,4,3,4,3,178703,1,47,Yes,No,2,2
834,291,4,7,3,1,1,31589,10,68,Yes,No,4,5
835,79,3,6,4,4,4,179210,17,38,Yes,No,1,1
836,28,1,1,2,1,4,26742,9,27,No,No,1,4
837,351,2,4,1,3,4,104446,5,65,No,Yes,1,2
838,7,4,8,2,2,1,61786,20,75,Yes,No,1,5
839,190,5,9,3,3,2,97759,3,37,Yes,No,1,2
840,283,5,10,2,4,4,183569,14,31,Yes,No,3,5
841,233,3,6,1,4,4,181025,1,14,No,No,5,4
842,176,3,6,4,3,3,95641,11,27,Yes,No,4,2
843,201,5,9,2,4,4,180631,0,51,No,Yes,1,5
844,128,5,9,4,3,4,99451,0,66,Yes,No,3,4
845,63,5,9,3,3,2,97788,13,69,No,No,2,4
846,149,5,9,1,2,4,61324,12,48,No,No,2,2
847,66,3,5,2,3,3,102472,3,57,Yes,Yes,3,1
848,67,1,2,3,1,2,34299,14,26,No,No,3,1
849,356,4,7,1,4,1,175882,10,25,Yes,Yes,2,2
850,341,3,6,3,2,2,58024,14,48,No,Yes,5,4
851,160,1,1,1,3,3,97164,4,17,Yes,No,4,5
852,100,5,10,3,2,4,62473,8,25,No,No,4,3
853,286,4,7,2,2,4,57378,15,20,No,Yes,5,5
854,226,5,9,2,2,4,57028,18,74,Yes,Yes,5,1
855,181,4,8,1,1,1,25645,8,42,Yes,Yes,5,1
856,285,3,5,4,1,2,30514,4,68,No,No,3,5
857,21,2,4,3,4,2,177817,3,21,Yes,Yes,5,4
858,187,2,3,1,2,3,64468,4,54,No,Yes,4,5
859,5,3,6,2,3,3,96228,15,23,No,Yes,1,3
860,273,2,4,1,4,3,182289,14,46,Yes,Yes,5,4
861,146,4,8,1,1,1,28262,16,57,No,No,4,2
862,322,3,5,1,1,2,25799,15,41,No,Yes,1,4
863,157,4,8,4,4,1,183066,0,16,Yes,Yes,5,5
864,359,2,3,2,2,1,57378,8,28,No,No,5,4
865,208,5,9,4,2,2,60974,0,64,No,Yes,2,3
866,75,5,9,3,4,2,177169,9,57,Yes,No,5,4
867,91,2,4,2,3,1,100302,14,79,No,No,5,2
868,48,2,4,1,4,4,183593,16,10,No,Yes,5,3
869,102,4,7,4,1,1,29346,13,77,No,No,3,3
870,68,1,2,3,1,3,33752,16,31,No,No,2,4
871,123,4,8,4,3,3,98939,3,67,No,Yes,1,1
872,57,2,4,3,2,2,57733,1,12,No,No,4,4
873,147,5,9,4,4,3,177226,14,62,Yes,Yes,5,3
874,155,2,4,3,1,4,32066,10,29,No,No,3,5
875,45,5,10,3,1,2,28741,4,38,No,Yes,5,2
876,163,3,5,2,3,1,95930,3,62,Yes,Yes,3,4
877,218,4,8,2,1,2,25641,2,80,No,No,4,5
878,213,1,1,3,2,1,56506,17,53,No,Yes,3,3
879,65,2,4,2,4,3,182174,16,60,Yes,No,5,3
880,279,5,10,4,2,2,61160,19,12,No,No,4,3
881,336,5,10,2,4,1,175506,16,55,No,No,5,1
882,119,5,10,2,2,3,63008,19,13,Yes,No,1,4
883,215,4,7,4,4,4,181189,13,16,No,No,1,1
884,81,3,5,1,2,3,58392,19,19,Yes,No,5,1
885,289,1,1,1,4,1,175152,18,48,No,Yes,2,4
886,118,4,8,3,1,1,32052,5,26,No,No,5,3
887,88,3,6,4,2,1,60669,2,68,Yes,No,1,1
888,188,4,8,4,1,2,26795,1,41,No,No,2,1
889,299,2,4,4,3,4,98886,15,21,Yes,Yes,4,4
890,120,2,3,3,4,3,178328,11,34,Yes,No,5,3
891,310,1,2,4,1,2,32187,4,30,Yes,No,5,4
892,72,1,2,1,2,4,57548,2,18,No,No,1,2
893,221,1,1,2,4,3,178309,16,43,Yes,No,3,4
894,280,1,2,1,4,4,179533,6,66,No,Yes,5,1
895,353,5,10,2,2,4,63599,3,60,No,No,1,5
896,346,2,4,2,3,4,103147,15,47,No,Yes,1,1
897,131,2,3,3,1,1,25451,15,43,No,No,5,5
898,121,5,9,2,4,4,179011,2,25,Yes,No,2,1
899,72,5,10,4,4,3,177241,12,45,Yes,Yes,4,1
900,82,1,2,4,3,1,97499,7,38,Yes,No,2,5
901,97,5,10,1,3,4,99565,17,80,No,Yes,4,1
902,341,4,7,4,3,1,98151,14,59,No,Yes,5,1
903,144,1,2,4,3,4,102518,3,57,No,No,3,2
904,21,4,8,1,2,1,59721,16,67,Yes,Yes,5,2
905,84,5,9,4,4,4,182579,20,45,No,No,2,3
906,187,3,6,4,3,2,103075,8,40,Yes,No,5,1
907,104,5,10,2,3,1,96004,14,73,Yes,Yes,5,5
908,47,3,6,1,2,2,64049,6,29,No,Yes,3,3
909,32,2,4,3,4,1,177322,2,51,Yes,No,2,4
910,97,5,9,2,3,4,96054,5,74,No,No,1,3
911,176,1,1,3,4,2,180006,13,16,No,Yes,5,5
912,237,1,1,1,3,2,102192,12,16,Yes,Yes,5,1
913,42,3,5,3,2,4,55662,8,60,No,No,4,2
914,8,2,3,1,3,3,98211,3,35,No,Yes,3,2
915,44,3,5,2,4,3,182949,18,70,Yes,Yes,4,2
916,334,3,6,1,3,1,101057,2,19,Yes,Yes,5,5
917,257,3,6,3,2,2,62154,17,23,No,No,2,2
918,95,5,9,4,2,3,60952,13,27,Yes,No,2,1
919,215,2,4,4,4,4,180768,20,24,Yes,No,2,4
920,294,5,9,4,3,4,104407,9,26,Yes,Yes,4,5
921,154,3,6,1,2,1,57063,2,55,Yes,Yes,1,5
922,316,4,7,1,4,3,183097,18,42,No,Yes,5,4
923,120,2,3,1,1,2,29457,1,44,Yes,No,4,5
924,26,3,6,3,2,2,63262,6,55,No,Yes,2,4
925,31,2,3,3,1,4,30065,7,69,No,No,1,2
926,42,5,10,3,3,4,97176,1,71,No,Yes,1,4
927,133,2,3,3,3,3,97663,2,48,No,Yes,2,1
928,123,1,2,4,2,4,62580,12,20,Yes,No,5,5
929,169,3,5,2,4,1,182170,12,60,No,Yes,3,3
930,12,5,9,2,3,2,98753,5,60,No,No,1,5
931,159,3,6,2,1,1,33930,1,46,Yes,No,3,3
932,158,2,3,2,1,2,32890,9,51,Yes,Yes,5,3
933,167,3,5,2,4,4,175723,20,76,No,No,4,5
934,97,4,7,2,4,2,180704,1,49,No,No,5,2
935,189,1,1,2,1,4,31516,5,13,Yes,Yes,3,4
936,203,4,7,1,2,3,56682,3,33,Yes,Yes,5,3
937,165,1,2,3,3,2,96310,11,73,Yes,Yes,5,2
938,119,2,3,1,3,4,101844,18,58,Yes,No,4,3
939,75,3,5,3,2,4,56269,16,61,No,Yes,1,5
940,144,2,3,3,3,4,99936,13,72,Yes,No,3,2
941,219,4,7,3,3,1,97789,6,64,Yes,No,2,2
942,66,1,2,1,3,2,99083,19,32,No,Yes,5,4
943,271,1,2,4,4,4,179376,5,41,Yes,No,2,4
944,354,1,2,3,1,4,26468,14,37,Yes,No,4,2
945,53,3,5,2,2,3,61075,19,66,No,No,2,2
946,194,1,2,3,4,4,183168,16,38,Yes,Yes,3,2
947,187,3,5,2,3,1,96011,17,36,No,Yes,4,5
948,67,1,2,1,4,3,181767,0,22,No,Yes,5,1
949,97,3,5,1,4,1,182220,8,54,No,No,2,1
950,121,4,8,3,1,1,28298,11,35,No,Yes,3,4
951,18,3,6,4,2,1,56662,8,25,Yes,Yes,5,3
952,151,3,5,2,2,2,59250,1,61,No,Yes,5,4
953,274,4,7,3,4,1,182800,9,80,Yes,Yes,2,4
954,237,3,6,3,4,2,181983,2,73,No,Yes,4,5
955,248,2,3,4,1,1,27232,0,43,No,No,2,1
956,47,1,1,2,3,3,101064,13,76,No,Yes,5,1
957,46,5,9,4,3,1,101824,3,62,Yes,No,1,3
958,316,3,5,2,4,3,178560,8,79,No,No,4,3
959,21,5,9,3,4,1,179766,1,66,Yes,Yes,5,1
960,138,5,9,1,2,2,60391,17,16,No,No,2,4
961,250,5,10,1,4,2,179701,6,73,Yes,No,3,4
962,304,3,5,2,2,1,59693,10,58,Yes,Yes,4,1
963,55,2,3,2,4,4,176518,0,79,Yes,Yes,4,5
964,115,5,10,2,1,4,25088,1,52,No,No,5,2
965,192,1,1,1,3,3,100427,4,20,No,No,4,1
966,52,5,9,3,2,2,56110,2,30,No,No,1,1
967,15,2,3,4,2,2,64476,19,55,No,No,1,3
968,29,4,8,2,3,3,96968,8,40,No,No,1,5
969,64,4,8,3,1,4,27827,6,46,Yes,Yes,4,2
970,170,4,7,4,4,1,184353,20,12,No,Yes,1,4
971,110,5,10,3,1,4,33076,17,41,No,Yes,4,4
972,235,3,5,2,1,3,31720,9,18,No,No,1,4
973,293,3,5,1,4,3,182163,12,42,Yes,No,3,4
974,321,5,9,3,3,2,97375,6,39,Yes,No,4,2
975,239,2,3,2,3,4,102702,0,31,Yes,Yes,4,3
976,246,1,1,1,1,1,27730,20,65,No,No,5,1
977,219,1,2,3,4,4,177752,4,60,No,No,1,1
978,50,5,10,4,1,3,25856,10,80,Yes,No,4,4
979,191,4,8,3,2,1,63726,4,45,No,Yes,4,4
980,200,4,8,3,1,2,27558,6,30,Yes,No,2,5
981,6,2,3,3,4,1,180796,7,34,No,No,4,4
982,41,2,3,2,2,1,56006,15,45,Yes,Yes,2,1
983,358,1,1,4,1,1,31095,16,12,Yes,No,4,2
984,84,2,3,2,1,1,29105,18,59,Yes,No,2,1
985,331,4,8,4,4,1,178576,17,13,No,No,1,3
986,85,5,10,2,4,1,180703,11,18,No,Yes,2,5
987,90,2,3,1,2,3,57111,19,61,Yes,Yes,2,4
988,47,5,9,3,4,1,184164,3,45,Yes,No,1,4
989,306,2,4,4,1,4,30018,2,67,Yes,Yes,3,3
990,205,4,8,3,2,2,63657,20,12,No,No,4,1
991,239,4,7,3,3,2,95157,14,37,Yes,Yes,1,5
992,30,4,7,4,2,4,57895,9,35,Yes,Yes,3,2
993,333,2,3,3,3,4,101444,8,35,Yes,Yes,4,3
994,259,2,3,3,2,4,58051,8,63,Yes,No,2,2
995,108,1,1,4,1,4,25522,4,37,Yes,Yes,5,2
996,280,1,1,2,1,3,33194,17,14,Yes,No,5,5
997,266,1,1,2,3,1,104733,5,78,Yes,Yes,3,5
998,112,2,4,2,3,3,99354,4,18,Yes,No,4,2
999,117,4,8,3,1,4,34088,5,35,No,Yes,1,4
1000,325,1,1,3,3,4,95909,17,58,Yes,No,1,3
